protein,S_3d,C_3d,C_2d_ave,C_1d_ave,weight,score
SLC6A12,0.9227799999999999,0.9437,0.7380497131931167,0.7655219885277253,1.8455599999999999,0.8546657086008936
SLC44A1,0.41694,0.6463,0.5738916256157636,0.8304975369458143,0.83388,0.19231088292283982
